OTU,sample_ids,FN,FP,TN,TP,pvalue,spearman_r
rplo 1 (Cyanobacteria),42hr_earlymid,4,4,71,6,0.6032176100292173,0.18787878787878756
rplo 1 (Cyanobacteria),49p5hr_late,3,3,72,7,0.24428229408662658,0.4060606060606062
rplo 1 (Cyanobacteria),9hr_earlymid,2,2,73,8,0.46708905438633064,0.26060606060605457
rplo 100 (Proteobacteria),42hr_earlymid,4,4,71,6,0.3654683104386702,0.321212121212121
rplo 100 (Proteobacteria),49p5hr_late,3,3,72,7,0.11730806555020255,0.5272727272727259
rplo 100 (Proteobacteria),9hr_earlymid,2,2,73,8,0.32822651147136733,0.3454545454545456
rplo 101 (Proteobacteria),42hr_earlymid,3,3,72,7,0.07387770688865801,0.5878787878787878
rplo 101 (Proteobacteria),9hr_earlymid,2,2,73,8,0.01857315508946021,0.7212121212121209
rplo 102 (Actinobacteria),42hr_earlymid,4,4,71,6,0.05997214247725508,0.6121212121212108
rplo 102 (Actinobacteria),49p5hr_late,3,3,72,7,0.011143446799694203,0.7575757575757577
rplo 102 (Actinobacteria),9hr_earlymid,2,2,73,8,0.047911726129975456,0.6363636363636365
rplo 103 (Actinobacteria),42hr_earlymid,4,4,71,6,0.05997214247725509,0.6121212121212111
rplo 103 (Actinobacteria),9hr_earlymid,2,2,73,8,0.0479117261299755,0.6363636363636366
rplo 104 (Bacteroidetes),42hr_earlymid,5,5,70,5,0.32822651147136644,0.3454545454545443
rplo 104 (Bacteroidetes),49p5hr_late,4,4,71,6,0.03304122254543752,0.6727272727272791
rplo 105 (Proteobacteria),42hr_earlymid,4,4,71,6,0.05997214247725524,0.6121212121212122
rplo 105 (Proteobacteria),9hr_earlymid,2,2,73,8,0.04791172612997548,0.6363636363636365
rplo 106 (Acidobacteria),42hr_earlymid,4,4,71,6,0.4250381548921486,0.284848484848482
rplo 106 (Acidobacteria),9hr_earlymid,2,2,73,8,0.31037609170567987,0.3575757575757575
rplo 107 (Actinobacteria),42hr_earlymid,4,4,71,6,0.059972142477255214,0.6121212121212123
rplo 107 (Actinobacteria),49p5hr_late,3,3,72,7,0.011143446799694205,0.7575757575757577
rplo 107 (Actinobacteria),9hr_earlymid,2,2,73,8,0.04791172612997542,0.6363636363636358
rplo 108 (Actinobacteria),42hr_earlymid,4,4,71,6,0.12755286970323435,0.5151515151515155
rplo 108 (Actinobacteria),9hr_earlymid,2,2,73,8,0.1075931877824149,0.5393939393939392
rplo 109 (Proteobacteria),42hr_earlymid,4,4,71,6,0.05997214247725518,0.6121212121212125
rplo 109 (Proteobacteria),9hr_earlymid,2,2,73,8,0.0479117261299755,0.6363636363636366
rplo 11 (Proteobacteria),42hr_earlymid,4,4,71,6,0.1739385971650664,0.46666666666666673
rplo 11 (Proteobacteria),49p5hr_late,3,3,72,7,0.04791172612997502,0.6363636363636292
rplo 11 (Proteobacteria),9hr_earlymid,2,2,73,8,0.20042268671194383,0.4424242424242405
rplo 110 (Proteobacteria),49p5hr_late,4,4,71,6,0.03304122254543772,0.6727272727272722
rplo 110 (Proteobacteria),9hr_earlymid,2,2,73,8,0.42503815489214536,0.28484848484848485
rplo 111 (Actinobacteria),9hr_earlymid,2,2,73,8,0.31037609170567987,0.3575757575757575
rplo 112 (Actinobacteria),42hr_earlymid,4,4,71,6,0.25999776683488773,0.3939393939393943
rplo 112 (Actinobacteria),49p5hr_late,3,3,72,7,0.07387770688865801,0.5878787878787878
rplo 112 (Actinobacteria),9hr_earlymid,2,2,73,8,0.2762553333854357,0.38181818181818256
rplo 113 (unknown),42hr_earlymid,4,4,71,6,0.5795840000000004,0.2000000000000001
rplo 113 (unknown),9hr_earlymid,2,2,73,8,0.42503815489214536,0.2848484848484848
rplo 114 (Deinococcus-Thermus),42hr_earlymid,4,4,71,6,0.05997214247725524,0.6121212121212121
rplo 114 (Deinococcus-Thermus),9hr_earlymid,2,2,73,8,0.04791172612997556,0.6363636363636368
rplo 115 (Acidobacteria),42hr_earlymid,4,4,71,6,0.12755286970323432,0.5151515151515155
rplo 115 (Acidobacteria),49p5hr_late,3,3,72,7,0.0330412225454377,0.6727272727272724
rplo 116 (unknown),9hr_earlymid,2,2,73,8,0.0479117261299755,0.6363636363636366
rplo 117 (Deferribacteres),42hr_earlymid,4,4,71,6,0.059972142477255075,0.6121212121212106
rplo 117 (Deferribacteres),9hr_earlymid,2,2,73,8,0.04791172612997556,0.6363636363636368
rplo 118 (Acidobacteria),42hr_earlymid,4,4,71,6,0.05997214247725524,0.6121212121212121
rplo 119 (Actinobacteria),42hr_earlymid,4,4,71,6,0.2599977668348875,0.3939393939393939
rplo 119 (Actinobacteria),49p5hr_late,3,3,72,7,0.07387770688865801,0.5878787878787878
rplo 119 (Actinobacteria),9hr_earlymid,2,2,73,8,0.27625533338543573,0.38181818181818244
rplo 12 (Gemmatimonadetes),42hr_earlymid,4,4,71,6,0.1739385971650664,0.46666666666666645
rplo 12 (Gemmatimonadetes),49p5hr_late,3,3,72,7,0.04791172612997545,0.6363636363636349
rplo 12 (Gemmatimonadetes),9hr_earlymid,2,2,73,8,0.200422686711944,0.4424242424242403
rplo 120 (Actinobacteria),42hr_earlymid,4,4,71,6,0.12755286970323437,0.5151515151515155
rplo 120 (Actinobacteria),49p5hr_late,3,3,72,7,0.0330412225454377,0.6727272727272724
rplo 120 (Actinobacteria),9hr_earlymid,2,2,73,8,0.10759318778241479,0.5393939393939392
rplo 121 (Actinobacteria),42hr_earlymid,4,4,71,6,0.05997214247725513,0.6121212121212117
rplo 121 (Actinobacteria),49p5hr_late,3,3,72,7,0.011143446799694205,0.7575757575757577
rplo 121 (Actinobacteria),9hr_earlymid,2,2,73,8,0.04791172612997542,0.6363636363636357
rplo 122 (Cyanobacteria),49p5hr_late,3,3,72,7,0.011143446799694203,0.7575757575757577
rplo 122 (Cyanobacteria),9hr_earlymid,2,2,73,8,0.0479117261299755,0.6363636363636366
rplo 123 (Cyanobacteria),49p5hr_late,3,3,72,7,0.011143446799694203,0.7575757575757577
rplo 123 (Cyanobacteria),9hr_earlymid,2,2,73,8,0.04791172612997549,0.6363636363636365
rplo 124 (Chloroflexi),42hr_earlymid,4,4,71,6,0.037588377571409384,0.6606060606060604
rplo 124 (Chloroflexi),49p5hr_late,3,3,72,7,0.00609992331369691,0.7939393939393934
rplo 124 (Chloroflexi),9hr_earlymid,2,2,73,8,0.025096675882251836,0.6969696969696972
rplo 125 (Actinobacteria),9hr_earlymid,2,2,73,8,0.047911726129975504,0.6363636363636366
rplo 126 (Gemmatimonadetes),42hr_earlymid,4,4,71,6,0.5795840000000004,0.2000000000000001
rplo 126 (Gemmatimonadetes),9hr_earlymid,2,2,73,8,0.42503815489214536,0.2848484848484848
rplo 127 (Acidobacteria),42hr_earlymid,4,4,71,6,0.3654683104386697,0.3212121212121206
rplo 127 (Acidobacteria),9hr_earlymid,2,2,73,8,0.32822651147136733,0.34545454545454557
rplo 128 (Acidobacteria),49p5hr_late,3,3,72,7,0.013330146315440047,0.7454545454545458
rplo 128 (Acidobacteria),9hr_earlymid,2,2,73,8,0.07387770688865798,0.5878787878787874
rplo 129 (Proteobacteria),9hr_earlymid,2,2,73,8,0.1496556734208368,0.49090909090909096
rplo 13 (Proteobacteria),42hr_earlymid,2,2,73,8,0.011143446799694248,0.7575757575757525
rplo 13 (Proteobacteria),49p5hr_late,2,2,73,8,0.011143446799694052,0.7575757575757517
rplo 130 (Verrucomicrobia),49p5hr_late,4,4,71,6,0.08972402831709125,0.5636363636363636
rplo 131 (Proteobacteria),42hr_earlymid,4,4,71,6,0.05997214247725519,0.6121212121212124
rplo 131 (Proteobacteria),49p5hr_late,3,3,72,7,0.011143446799694205,0.7575757575757577
rplo 131 (Proteobacteria),9hr_earlymid,2,2,73,8,0.04791172612997541,0.6363636363636355
rplo 132 (Proteobacteria),49p5hr_late,2,2,73,8,0.01580059625057158,0.733333333333333
rplo 132 (Proteobacteria),9hr_earlymid,2,2,73,8,0.08972402831709125,0.5636363636363633
rplo 133 (Proteobacteria),42hr_earlymid,4,4,71,6,0.05997214247725524,0.6121212121212122
rplo 133 (Proteobacteria),49p5hr_late,3,3,72,7,0.011143446799694225,0.7575757575757577
rplo 133 (Proteobacteria),9hr_earlymid,2,2,73,8,0.0479117261299755,0.6363636363636366
rplo 135 (Actinobacteria),42hr_earlymid,4,4,71,6,0.021665923367532463,0.7090909090909102
rplo 135 (Actinobacteria),9hr_earlymid,2,2,73,8,0.021665923367532428,0.709090909090909
rplo 136 (Cyanobacteria),42hr_earlymid,4,4,71,6,0.3654683104386702,0.3212121212121212
rplo 136 (Cyanobacteria),9hr_earlymid,2,2,73,8,0.32822651147136733,0.3454545454545456
rplo 137 (Proteobacteria),42hr_earlymid,4,4,71,6,0.05997214247725524,0.6121212121212122
rplo 137 (Proteobacteria),49p5hr_late,3,3,72,7,0.011143446799694205,0.7575757575757577
rplo 137 (Proteobacteria),9hr_earlymid,2,2,73,8,0.047911726129975414,0.6363636363636357
rplo 138 (Bacteroidetes),42hr_earlymid,3,3,72,7,0.05997214247725524,0.6121212121212121
rplo 139 (Actinobacteria),42hr_earlymid,4,4,71,6,0.4250381548921454,0.2848484848484836
rplo 139 (Actinobacteria),9hr_earlymid,2,2,73,8,0.31037609170568004,0.3575757575757575
rplo 14 (Proteobacteria),9hr_earlymid,2,2,73,8,0.07387770688865791,0.587878787878787
rplo 140 (Chloroflexi),42hr_earlymid,4,4,71,6,0.059972142477255165,0.6121212121212123
rplo 140 (Chloroflexi),9hr_earlymid,2,2,73,8,0.04791172612997541,0.6363636363636355
rplo 141 (Firmicutes),42hr_earlymid,4,4,71,6,0.05997214247725524,0.6121212121212122
rplo 141 (Firmicutes),9hr_earlymid,2,2,73,8,0.047911726129975456,0.6363636363636365
rplo 142 (Actinobacteria),42hr_earlymid,3,3,72,7,0.07387770688865791,0.587878787878787
rplo 142 (Actinobacteria),49p5hr_late,2,2,73,8,0.025096675882251836,0.6969696969696966
rplo 142 (Actinobacteria),9hr_earlymid,2,2,73,8,0.0185731550894602,0.7212121212121209
rplo 143 (Actinobacteria),49p5hr_late,3,3,72,7,0.011143446799694234,0.7575757575757562
rplo 143 (Actinobacteria),9hr_earlymid,2,2,73,8,0.04791172612997549,0.6363636363636365
rplo 144 (Cyanobacteria),9hr_earlymid,2,2,73,8,0.14965567342083683,0.4909090909090909
rplo 145 (Actinobacteria),42hr_earlymid,4,4,71,6,0.0599721424772551,0.6121212121212112
rplo 145 (Actinobacteria),49p5hr_late,3,3,72,7,0.011143446799694203,0.7575757575757577
rplo 146 (Chloroflexi),42hr_earlymid,4,4,71,6,0.0599721424772551,0.6121212121212112
rplo 146 (Chloroflexi),49p5hr_late,3,3,72,7,0.011143446799694203,0.7575757575757577
rplo 146 (Chloroflexi),9hr_earlymid,2,2,73,8,0.04791172612997543,0.6363636363636359
rplo 147 (Actinobacteria),42hr_earlymid,3,3,72,7,0.021665923367532466,0.7090909090909103
rplo 147 (Actinobacteria),49p5hr_late,2,2,73,8,0.015800596250571595,0.7333333333333338
rplo 147 (Actinobacteria),9hr_earlymid,2,2,73,8,0.08972402831709125,0.5636363636363637
rplo 148 (Chloroflexi),42hr_earlymid,4,4,71,6,0.05997214247725514,0.6121212121212118
rplo 148 (Chloroflexi),9hr_earlymid,2,2,73,8,0.047911726129975477,0.6363636363636365
rplo 149 (Actinobacteria),49p5hr_late,3,3,72,7,0.011143446799694203,0.7575757575757577
rplo 149 (Actinobacteria),9hr_earlymid,2,2,73,8,0.04791172612997544,0.6363636363636362
rplo 15 (Firmicutes),42hr_earlymid,4,4,71,6,0.3654683104386699,0.32121212121212056
rplo 15 (Firmicutes),49p5hr_late,3,3,72,7,0.11730806555020248,0.5272727272727257
rplo 15 (Firmicutes),9hr_earlymid,2,2,73,8,0.3282265114713661,0.34545454545454446
rplo 150 (Actinobacteria),42hr_earlymid,4,4,71,6,0.05997214247725516,0.6121212121212122
rplo 150 (Actinobacteria),9hr_earlymid,2,2,73,8,0.04791172612997549,0.6363636363636365
rplo 151 (Actinobacteria),42hr_earlymid,4,4,71,6,0.037588377571409336,0.6606060606060618
rplo 152 (Bacteroidetes),42hr_earlymid,4,4,71,6,0.12755286970323423,0.5151515151515154
rplo 152 (Bacteroidetes),49p5hr_late,3,3,72,7,0.0330412225454377,0.6727272727272724
rplo 153 (Bacteroidetes),42hr_earlymid,5,5,70,5,0.46708905438634035,0.2606060606060607
rplo 153 (Bacteroidetes),9hr_earlymid,2,2,73,8,0.42503815489214564,0.28484848484848496
rplo 154 (Proteobacteria),42hr_earlymid,4,4,71,6,0.05997214247725524,0.612121212121212
rplo 154 (Proteobacteria),9hr_earlymid,2,2,73,8,0.0479117261299755,0.6363636363636366
rplo 155 (Proteobacteria),49p5hr_late,3,3,72,7,0.004862061101964605,0.8060606060606055
rplo 155 (Proteobacteria),9hr_earlymid,2,2,73,8,0.021665923367532446,0.7090909090909097
rplo 156 (Proteobacteria),42hr_earlymid,4,4,71,6,0.08155281477260236,0.5757575757575759
rplo 157 (Bacteroidetes),9hr_earlymid,2,2,73,8,0.31037609170568004,0.3575757575757575
rplo 158 (Chloroflexi),42hr_earlymid,4,4,71,6,0.059972142477255116,0.6121212121212115
rplo 158 (Chloroflexi),49p5hr_late,3,3,72,7,0.011143446799694205,0.7575757575757577
rplo 158 (Chloroflexi),9hr_earlymid,2,2,73,8,0.04791172612997541,0.6363636363636352
rplo 159 (Actinobacteria),42hr_earlymid,4,4,71,6,0.08155281477260233,0.5757575757575767
rplo 159 (Actinobacteria),9hr_earlymid,2,2,73,8,0.07387770688865801,0.5878787878787878
rplo 16 (Proteobacteria),42hr_earlymid,4,4,71,6,0.3654683104386696,0.3212121212121206
rplo 16 (Proteobacteria),49p5hr_late,3,3,72,7,0.11730806555020223,0.5272727272727266
rplo 16 (Proteobacteria),9hr_earlymid,2,2,73,8,0.32822651147136633,0.3454545454545443
rplo 160 (Actinobacteria),42hr_earlymid,4,4,71,6,0.037588377571409405,0.6606060606060603
rplo 160 (Actinobacteria),9hr_earlymid,2,2,73,8,0.025096675882251843,0.6969696969696976
rplo 161 (Proteobacteria),42hr_earlymid,4,4,71,6,0.12755286970323432,0.5151515151515155
rplo 161 (Proteobacteria),49p5hr_late,3,3,72,7,0.03304122254543771,0.6727272727272723
rplo 161 (Proteobacteria),9hr_earlymid,2,2,73,8,0.10759318778241496,0.5393939393939392
rplo 162 (Actinobacteria),42hr_earlymid,4,4,71,6,0.05997214247725524,0.6121212121212121
rplo 162 (Actinobacteria),9hr_earlymid,2,2,73,8,0.04791172612997545,0.6363636363636349
rplo 163 (Actinobacteria),42hr_earlymid,4,4,71,6,0.059972142477255054,0.6121212121212118
rplo 164 (Cyanobacteria),49p5hr_late,3,3,72,7,0.011143446799694203,0.7575757575757577
rplo 164 (Cyanobacteria),9hr_earlymid,2,2,73,8,0.04791172612997549,0.6363636363636365
rplo 165 (Proteobacteria),42hr_earlymid,4,4,71,6,0.021665923367532428,0.709090909090909
rplo 165 (Proteobacteria),9hr_earlymid,2,2,73,8,0.021665923367532466,0.7090909090909103
rplo 166 (Actinobacteria),42hr_earlymid,4,4,71,6,0.05997214247725513,0.6121212121212117
rplo 166 (Actinobacteria),9hr_earlymid,2,2,73,8,0.04791172612997541,0.6363636363636352
rplo 167 (Chloroflexi),42hr_earlymid,4,4,71,6,0.05997214247725513,0.6121212121212117
rplo 168 (Proteobacteria),42hr_earlymid,4,4,71,6,0.00922195272221599,0.7696969696969697
rplo 168 (Proteobacteria),49p5hr_late,3,3,72,7,0.0029402270232795065,0.8303030303030302
rplo 169 (Proteobacteria),42hr_earlymid,4,4,71,6,0.18690481034933198,0.4545454545454544
rplo 169 (Proteobacteria),49p5hr_late,3,3,72,7,0.04254012768448945,0.6484848484848483
rplo 17 (Actinobacteria),42hr_earlymid,4,4,71,6,0.17393859716506585,0.46666666666666706
rplo 17 (Actinobacteria),49p5hr_late,3,3,72,7,0.04791172612997549,0.6363636363636366
rplo 17 (Actinobacteria),9hr_earlymid,2,2,73,8,0.2004226867119437,0.44242424242424067
rplo 170 (Proteobacteria),42hr_earlymid,4,4,71,6,0.3654683104386702,0.3212121212121212
rplo 170 (Proteobacteria),49p5hr_late,3,3,72,7,0.11730806555020216,0.5272727272727272
rplo 170 (Proteobacteria),9hr_earlymid,2,2,73,8,0.32822651147136733,0.34545454545454546
rplo 171 (Actinobacteria),42hr_earlymid,4,4,71,6,0.059972142477255144,0.612121212121212
rplo 171 (Actinobacteria),9hr_earlymid,2,2,73,8,0.04791172612997545,0.6363636363636349
rplo 172 (Firmicutes),42hr_earlymid,4,4,71,6,0.25999776683488746,0.3939393939393939
rplo 172 (Firmicutes),9hr_earlymid,2,2,73,8,0.276255333385436,0.38181818181818183
rplo 173 (Proteobacteria),42hr_earlymid,4,4,71,6,0.05997214247725524,0.6121212121212122
rplo 173 (Proteobacteria),49p5hr_late,3,3,72,7,0.011143446799694205,0.7575757575757577
rplo 173 (Proteobacteria),9hr_earlymid,2,2,73,8,0.04791172612997548,0.6363636363636365
rplo 174 (Bacteroidetes),42hr_earlymid,4,4,71,6,0.5795840000000004,0.2000000000000001
rplo 174 (Bacteroidetes),49p5hr_late,3,3,72,7,0.20042268671194213,0.4424242424242422
rplo 174 (Bacteroidetes),9hr_earlymid,2,2,73,8,0.42503815489214564,0.28484848484848496
rplo 175 (Proteobacteria),42hr_earlymid,4,4,71,6,0.18690481034933187,0.4545454545454545
rplo 175 (Proteobacteria),9hr_earlymid,2,2,73,8,0.1496556734208368,0.49090909090909096
rplo 176 (Proteobacteria),42hr_earlymid,4,4,71,6,0.05997214247725524,0.612121212121212
rplo 176 (Proteobacteria),49p5hr_late,3,3,72,7,0.011143446799694205,0.7575757575757577
rplo 176 (Proteobacteria),9hr_earlymid,2,2,73,8,0.04791172612997549,0.6363636363636365
rplo 177 (Proteobacteria),42hr_earlymid,4,4,71,6,0.0599721424772552,0.6121212121212124
rplo 177 (Proteobacteria),9hr_earlymid,2,2,73,8,0.0479117261299755,0.6363636363636366
rplo 178 (Acidobacteria),42hr_earlymid,4,4,71,6,0.25999776683488746,0.393939393939394
rplo 178 (Acidobacteria),49p5hr_late,3,3,72,7,0.07387770688865794,0.5878787878787872
rplo 178 (Acidobacteria),9hr_earlymid,2,2,73,8,0.2762553333854357,0.3818181818181825
rplo 179 (Actinobacteria),42hr_earlymid,4,4,71,6,0.05997214247725508,0.6121212121212108
rplo 18 (Gemmatimonadetes),42hr_earlymid,4,4,71,6,0.1869048103493319,0.4545454545454546
rplo 18 (Gemmatimonadetes),49p5hr_late,3,3,72,7,0.04254012768448945,0.648484848484848
rplo 18 (Gemmatimonadetes),9hr_earlymid,2,2,73,8,0.14965567342083755,0.4909090909090885
rplo 180 (Actinobacteria),42hr_earlymid,4,4,71,6,0.009221952722216013,0.7696969696969705
rplo 180 (Actinobacteria),49p5hr_late,3,3,72,7,0.0029402270232795065,0.8303030303030311
rplo 180 (Actinobacteria),9hr_earlymid,2,2,73,8,0.018573155089460166,0.7212121212121202
rplo 181 (Actinobacteria),42hr_earlymid,4,4,71,6,0.2599977668348881,0.3939393939393937
rplo 181 (Actinobacteria),49p5hr_late,3,3,72,7,0.07387770688865801,0.5878787878787878
rplo 181 (Actinobacteria),9hr_earlymid,2,2,73,8,0.276255333385436,0.38181818181818183
rplo 182 (Bacteroidetes),42hr_earlymid,4,4,71,6,0.17393859716506638,0.46666666666666673
rplo 182 (Bacteroidetes),9hr_earlymid,2,2,73,8,0.20042268671194213,0.442424242424242
rplo 183 (Actinobacteria),42hr_earlymid,4,4,71,6,0.42503815489214575,0.284848484848485
rplo 183 (Actinobacteria),9hr_earlymid,2,2,73,8,0.31037609170568,0.3575757575757575
rplo 184 (Proteobacteria),49p5hr_late,3,3,72,7,0.0029402270232795065,0.830303030303031
rplo 184 (Proteobacteria),9hr_earlymid,2,2,73,8,0.018573155089460208,0.7212121212121209
rplo 185 (Acidobacteria),9hr_earlymid,2,2,73,8,0.32822651147136733,0.34545454545454557
rplo 186 (Proteobacteria),42hr_earlymid,4,4,71,6,0.1739385971650664,0.46666666666666634
rplo 186 (Proteobacteria),49p5hr_late,3,3,72,7,0.047911726129975414,0.6363636363636351
rplo 187 (Thermotogae),42hr_earlymid,4,4,71,6,0.05997214247725521,0.6121212121212124
rplo 188 (Chloroflexi),42hr_earlymid,4,4,71,6,0.05997214247725508,0.6121212121212108
rplo 188 (Chloroflexi),9hr_earlymid,2,2,73,8,0.0479117261299755,0.6363636363636366
rplo 189 (Chloroflexi),9hr_earlymid,2,2,73,8,0.32822651147136733,0.3454545454545456
rplo 191 (Bacteroidetes),49p5hr_late,3,3,72,7,0.0029402270232795065,0.8303030303030303
rplo 191 (Bacteroidetes),9hr_earlymid,2,2,73,8,0.018573155089460214,0.7212121212121215
rplo 192 (Actinobacteria),42hr_earlymid,4,4,71,6,0.05997214247725508,0.6121212121212107
rplo 193 (Proteobacteria),42hr_earlymid,4,4,71,6,0.05997214247725524,0.6121212121212122
rplo 194 (Proteobacteria),9hr_earlymid,2,2,73,8,0.018573155089460194,0.7212121212121207
rplo 195 (Gemmatimonadetes),49p5hr_late,3,3,72,7,0.004862061101964608,0.8060606060606053
rplo 195 (Gemmatimonadetes),9hr_earlymid,2,2,73,8,0.021665923367532446,0.7090909090909095
rplo 196 (Thermotogae),42hr_earlymid,4,4,71,6,0.4250381548921455,0.2848484848484849
rplo 197 (Actinobacteria),49p5hr_late,3,3,72,7,0.011143446799694205,0.7575757575757577
rplo 197 (Actinobacteria),9hr_earlymid,2,2,73,8,0.047911726129975414,0.6363636363636356
rplo 198 (Acidobacteria),42hr_earlymid,4,4,71,6,0.25999776683488746,0.3939393939393942
rplo 198 (Acidobacteria),49p5hr_late,3,3,72,7,0.07387770688865801,0.5878787878787878
rplo 198 (Acidobacteria),9hr_earlymid,2,2,73,8,0.27625533338543584,0.3818181818181822
rplo 199 (Thermobaculum),42hr_earlymid,4,4,71,6,0.0375883775714094,0.6606060606060603
rplo 199 (Thermobaculum),9hr_earlymid,2,2,73,8,0.025096675882251812,0.6969696969696964
rplo 2 (Firmicutes),42hr_earlymid,4,4,71,6,0.009221952722216447,0.769696969696955
rplo 2 (Firmicutes),49p5hr_late,3,3,72,7,0.0029402270232794904,0.8303030303030339
rplo 2 (Firmicutes),9hr_earlymid,2,2,73,8,0.01857315508946121,0.7212121212121004
rplo 20 (Actinobacteria),42hr_earlymid,4,4,71,6,0.059972142477255096,0.6121212121212111
rplo 20 (Actinobacteria),49p5hr_late,3,3,72,7,0.011143446799694229,0.7575757575757576
rplo 20 (Actinobacteria),9hr_earlymid,2,2,73,8,0.047911726129975234,0.6363636363636336
rplo 200 (Actinobacteria),42hr_earlymid,4,4,71,6,0.059972142477255096,0.6121212121212111
rplo 200 (Actinobacteria),49p5hr_late,3,3,72,7,0.011143446799694205,0.7575757575757577
rplo 201 (Acidobacteria),42hr_earlymid,4,4,71,6,0.3654683104386702,0.3212121212121212
rplo 201 (Acidobacteria),9hr_earlymid,2,2,73,8,0.32822651147136733,0.3454545454545456
rplo 203 (Chloroflexi),42hr_earlymid,4,4,71,6,0.02166592336753234,0.7090909090909095
rplo 204 (Bacteroidetes),42hr_earlymid,4,4,71,6,0.18690481034933196,0.45454545454545436
rplo 204 (Bacteroidetes),9hr_earlymid,2,2,73,8,0.14965567342083674,0.49090909090909085
rplo 206 (Actinobacteria),42hr_earlymid,4,4,71,6,0.5795840000000003,0.19999999999999984
rplo 206 (Actinobacteria),49p5hr_late,3,3,72,7,0.20042268671194213,0.44242424242424194
rplo 207 (Proteobacteria),9hr_earlymid,2,2,73,8,0.4250381548921461,0.2848484848484833
rplo 209 (Proteobacteria),49p5hr_late,3,3,72,7,0.11730806555020216,0.5272727272727272
rplo 209 (Proteobacteria),9hr_earlymid,2,2,73,8,0.32822651147136733,0.34545454545454485
rplo 21 (Actinobacteria),42hr_earlymid,4,4,71,6,0.08155281477260211,0.5757575757575771
rplo 21 (Actinobacteria),49p5hr_late,3,3,72,7,0.013330146315440047,0.7454545454545456
rplo 21 (Actinobacteria),9hr_earlymid,2,2,73,8,0.07387770688865779,0.5878787878787893
rplo 210 (Proteobacteria),42hr_earlymid,4,4,71,6,0.05997214247725512,0.6121212121212116
rplo 210 (Proteobacteria),9hr_earlymid,2,2,73,8,0.0479117261299755,0.6363636363636366
rplo 211 (Actinobacteria),42hr_earlymid,4,4,71,6,0.0599721424772551,0.6121212121212112
rplo 212 (unknown),42hr_earlymid,3,3,72,7,0.021665923367532463,0.7090909090909102
rplo 212 (unknown),49p5hr_late,2,2,73,8,0.015800596250571584,0.7333333333333332
rplo 212 (unknown),9hr_earlymid,2,2,73,8,0.08972402831709125,0.5636363636363636
rplo 213 (Bacteroidetes),49p5hr_late,3,3,72,7,0.11730806555020214,0.5272727272727272
rplo 214 (Bacteroidetes),9hr_earlymid,2,2,73,8,0.42503815489214564,0.28484848484848496
rplo 215 (Verrucomicrobia),42hr_earlymid,4,4,71,6,0.3654683104386702,0.321212121212121
rplo 215 (Verrucomicrobia),9hr_earlymid,2,2,73,8,0.32822651147136733,0.34545454545454557
rplo 216 (Actinobacteria),42hr_earlymid,4,4,71,6,0.05997214247725524,0.6121212121212122
rplo 217 (Proteobacteria),42hr_earlymid,4,4,71,6,0.05997214247725524,0.6121212121212122
rplo 217 (Proteobacteria),49p5hr_late,3,3,72,7,0.011143446799694203,0.7575757575757577
rplo 217 (Proteobacteria),9hr_earlymid,2,2,73,8,0.047911726129975456,0.6363636363636366
rplo 22 (Actinobacteria),42hr_earlymid,4,4,71,6,0.05997214247725506,0.6121212121212108
rplo 22 (Actinobacteria),9hr_earlymid,2,2,73,8,0.04791172612997546,0.6363636363636366
rplo 220 (Chloroflexi),9hr_earlymid,2,2,73,8,0.20042268671194213,0.442424242424242
rplo 221 (Proteobacteria),42hr_earlymid,4,4,71,6,0.05997214247725524,0.6121212121212122
rplo 221 (Proteobacteria),49p5hr_late,3,3,72,7,0.011143446799694203,0.7575757575757577
rplo 221 (Proteobacteria),9hr_earlymid,2,2,73,8,0.0479117261299755,0.6363636363636366
rplo 222 (Proteobacteria),49p5hr_late,3,3,72,7,0.04254012768448945,0.6484848484848483
rplo 222 (Proteobacteria),9hr_earlymid,2,2,73,8,0.1496556734208367,0.4909090909090912
rplo 223 (Chloroflexi),49p5hr_late,3,3,72,7,0.011143446799694203,0.7575757575757577
rplo 223 (Chloroflexi),9hr_earlymid,2,2,73,8,0.047911726129975477,0.6363636363636366
rplo 224 (Chloroflexi),42hr_earlymid,4,4,71,6,0.059972142477255186,0.6121212121212124
rplo 224 (Chloroflexi),49p5hr_late,3,3,72,7,0.01114344679969422,0.7575757575757577
rplo 224 (Chloroflexi),9hr_earlymid,2,2,73,8,0.04791172612997547,0.6363636363636364
rplo 225 (Firmicutes),42hr_earlymid,4,4,71,6,0.12755286970323423,0.5151515151515152
rplo 225 (Firmicutes),9hr_earlymid,2,2,73,8,0.10759318778241486,0.5393939393939392
rplo 226 (Actinobacteria),42hr_earlymid,4,4,71,6,0.059972142477255186,0.6121212121212124
rplo 226 (Actinobacteria),49p5hr_late,3,3,72,7,0.011143446799694203,0.7575757575757577
rplo 226 (Actinobacteria),9hr_earlymid,2,2,73,8,0.047911726129975477,0.6363636363636366
rplo 227 (Actinobacteria),42hr_earlymid,4,4,71,6,0.059972142477255096,0.6121212121212111
rplo 227 (Actinobacteria),9hr_earlymid,2,2,73,8,0.047911726129975477,0.6363636363636365
rplo 228 (Proteobacteria),49p5hr_late,3,3,72,7,0.24428229408662644,0.4060606060606062
rplo 228 (Proteobacteria),9hr_earlymid,2,2,73,8,0.46708905438634024,0.26060606060606056
rplo 229 (Proteobacteria),42hr_earlymid,4,4,71,6,0.05997214247725524,0.612121212121212
rplo 229 (Proteobacteria),49p5hr_late,3,3,72,7,0.011143446799694227,0.7575757575757577
rplo 229 (Proteobacteria),9hr_earlymid,2,2,73,8,0.04791172612997549,0.6363636363636365
rplo 23 (Proteobacteria),42hr_earlymid,4,4,71,6,0.059972142477255186,0.6121212121212124
rplo 23 (Proteobacteria),49p5hr_late,3,3,72,7,0.011143446799694246,0.7575757575757525
rplo 23 (Proteobacteria),9hr_earlymid,2,2,73,8,0.04791172612997543,0.6363636363636351
rplo 230 (Proteobacteria),42hr_earlymid,4,4,71,6,0.42503815489214564,0.28484848484848496
rplo 230 (Proteobacteria),9hr_earlymid,2,2,73,8,0.3103760917056798,0.3575757575757575
rplo 231 (Bacteroidetes),42hr_earlymid,4,4,71,6,0.0599721424772552,0.6121212121212124
rplo 231 (Bacteroidetes),9hr_earlymid,2,2,73,8,0.04791172612997545,0.6363636363636364
rplo 232 (Bacteroidetes),42hr_earlymid,3,3,72,7,0.015800596250571584,0.7333333333333332
rplo 232 (Bacteroidetes),49p5hr_late,2,2,73,8,0.01857315508946021,0.7212121212121209
rplo 232 (Bacteroidetes),9hr_earlymid,2,2,73,8,0.06668799999999994,0.6000000000000002
rplo 233 (Bacteroidetes),9hr_earlymid,2,2,73,8,0.0479117261299755,0.6363636363636366
rplo 235 (Bacteroidetes),42hr_earlymid,5,5,70,5,0.32822651147136733,0.34545454545454557
rplo 235 (Bacteroidetes),49p5hr_late,4,4,71,6,0.0330412225454377,0.6727272727272724
rplo 235 (Bacteroidetes),9hr_earlymid,2,2,73,8,0.42503815489214564,0.28484848484848496
rplo 236 (Proteobacteria),42hr_earlymid,4,4,71,6,0.05997214247725524,0.6121212121212122
rplo 236 (Proteobacteria),49p5hr_late,3,3,72,7,0.011143446799694205,0.7575757575757577
rplo 236 (Proteobacteria),9hr_earlymid,2,2,73,8,0.0479117261299755,0.6363636363636366
rplo 237 (Firmicutes),42hr_earlymid,4,4,71,6,0.5795840000000003,0.2
rplo 238 (Acidobacteria),9hr_earlymid,2,2,73,8,0.14965567342083685,0.4909090909090908
rplo 239 (Proteobacteria),42hr_earlymid,4,4,71,6,0.00922195272221599,0.7696969696969697
rplo 239 (Proteobacteria),49p5hr_late,3,3,72,7,0.0029402270232795065,0.8303030303030299
rplo 239 (Proteobacteria),9hr_earlymid,2,2,73,8,0.01857315508946021,0.7212121212121209
rplo 24 (Actinobacteria),42hr_earlymid,4,4,71,6,0.3654683104386695,0.3212121212121206
rplo 24 (Actinobacteria),49p5hr_late,3,3,72,7,0.11730806555020232,0.5272727272727262
rplo 24 (Actinobacteria),9hr_earlymid,2,2,73,8,0.32822651147136606,0.34545454545454446
rplo 240 (Actinobacteria),49p5hr_late,3,3,72,7,0.04791172612997549,0.6363636363636365
rplo 240 (Actinobacteria),9hr_earlymid,2,2,73,8,0.20042268671194213,0.4424242424242421
rplo 241 (Gemmatimonadetes),49p5hr_late,3,3,72,7,0.11730806555020214,0.5272727272727272
rplo 241 (Gemmatimonadetes),9hr_earlymid,2,2,73,8,0.32822651147136733,0.3454545454545456
rplo 242 (Acidobacteria),42hr_earlymid,4,4,71,6,0.021665923367532442,0.7090909090909094
rplo 242 (Acidobacteria),9hr_earlymid,2,2,73,8,0.02166592336753245,0.7090909090909097
rplo 244 (Bacteroidetes),42hr_earlymid,4,4,71,6,0.18690481034933196,0.45454545454545436
rplo 244 (Bacteroidetes),9hr_earlymid,2,2,73,8,0.1496556734208367,0.49090909090909124
rplo 245 (Firmicutes),42hr_earlymid,4,4,71,6,0.3654683104386702,0.3212121212121212
rplo 245 (Firmicutes),9hr_earlymid,2,2,73,8,0.32822651147136733,0.34545454545454557
rplo 247 (Firmicutes),42hr_earlymid,4,4,71,6,0.05997214247725516,0.6121212121212122
rplo 247 (Firmicutes),49p5hr_late,3,3,72,7,0.011143446799694205,0.7575757575757577
rplo 249 (Proteobacteria),42hr_earlymid,4,4,71,6,0.05997214247725524,0.6121212121212121
rplo 25 (Acidobacteria),42hr_earlymid,5,5,70,5,0.4670890543863391,0.26060606060605984
rplo 25 (Acidobacteria),49p5hr_late,4,4,71,6,0.08972402831709125,0.5636363636363637
rplo 25 (Acidobacteria),9hr_earlymid,2,2,73,8,0.4250381548921458,0.284848484848485
rplo 250 (Actinobacteria),42hr_earlymid,4,4,71,6,0.05997214247725524,0.6121212121212121
rplo 251 (Proteobacteria),49p5hr_late,3,3,72,7,0.11730806555020215,0.5272727272727272
rplo 251 (Proteobacteria),9hr_earlymid,2,2,73,8,0.32822651147136733,0.3454545454545456
rplo 252 (Thermotogae),42hr_earlymid,4,4,71,6,0.3654683104386702,0.3212121212121212
rplo 252 (Thermotogae),9hr_earlymid,2,2,73,8,0.32822651147136733,0.3454545454545456
rplo 253 (Actinobacteria),42hr_earlymid,4,4,71,6,0.05997214247725519,0.6121212121212124
rplo 253 (Actinobacteria),49p5hr_late,3,3,72,7,0.011143446799694203,0.7575757575757577
rplo 254 (Proteobacteria),42hr_earlymid,4,4,71,6,0.42503815489214536,0.2848484848484848
rplo 254 (Proteobacteria),9hr_earlymid,2,2,73,8,0.31037609170568004,0.3575757575757575
rplo 255 (Proteobacteria),42hr_earlymid,4,4,71,6,0.05997214247725524,0.6121212121212122
rplo 255 (Proteobacteria),9hr_earlymid,2,2,73,8,0.04791172612997548,0.6363636363636365
rplo 256 (Acidobacteria),9hr_earlymid,2,2,73,8,0.0479117261299755,0.6363636363636366
rplo 257 (Chloroflexi),42hr_earlymid,4,4,71,6,0.05997214247725524,0.6121212121212122
rplo 257 (Chloroflexi),49p5hr_late,3,3,72,7,0.011143446799694205,0.7575757575757577
rplo 257 (Chloroflexi),9hr_earlymid,2,2,73,8,0.04791172612997546,0.6363636363636366
rplo 258 (Actinobacteria),42hr_earlymid,4,4,71,6,0.05997214247725509,0.6121212121212111
rplo 258 (Actinobacteria),9hr_earlymid,2,2,73,8,0.047911726129975477,0.6363636363636365
rplo 26 (Actinobacteria),42hr_earlymid,4,4,71,6,0.08155281477260215,0.575757575757577
rplo 26 (Actinobacteria),9hr_earlymid,2,2,73,8,0.07387770688865791,0.5878787878787902
rplo 260 (Acidobacteria),49p5hr_late,3,3,72,7,0.011143446799694237,0.7575757575757555
rplo 261 (Bacteroidetes),42hr_earlymid,4,4,71,6,0.6514773427962417,0.16363636363636386
rplo 261 (Bacteroidetes),9hr_earlymid,2,2,73,8,0.42503815489214575,0.284848484848485
rplo 262 (Actinobacteria),42hr_earlymid,4,4,71,6,0.059972142477255186,0.6121212121212124
rplo 262 (Actinobacteria),9hr_earlymid,2,2,73,8,0.04791172612997547,0.6363636363636364
rplo 263 (Cyanobacteria),9hr_earlymid,2,2,73,8,0.32822651147136733,0.34545454545454557
rplo 264 (Actinobacteria),49p5hr_late,3,3,72,7,0.04254012768448945,0.6484848484848483
rplo 264 (Actinobacteria),9hr_earlymid,2,2,73,8,0.1496556734208367,0.4909090909090913
rplo 265 (Verrucomicrobia),42hr_earlymid,4,4,71,6,0.6514773427962428,0.1636363636363636
rplo 266 (Proteobacteria),9hr_earlymid,2,2,73,8,0.04791172612997549,0.6363636363636365
rplo 267 (Proteobacteria),42hr_earlymid,4,4,71,6,0.05997214247725524,0.6121212121212122
rplo 268 (Chloroflexi),42hr_earlymid,4,4,71,6,0.05997214247725524,0.6121212121212118
rplo 268 (Chloroflexi),49p5hr_late,3,3,72,7,0.011143446799694227,0.7575757575757577
rplo 268 (Chloroflexi),9hr_earlymid,2,2,73,8,0.04791172612997548,0.6363636363636365
rplo 269 (Actinobacteria),42hr_earlymid,4,4,71,6,0.08155281477260236,0.5757575757575766
rplo 269 (Actinobacteria),49p5hr_late,3,3,72,7,0.013330146315440047,0.7454545454545458
rplo 27 (Proteobacteria),42hr_earlymid,4,4,71,6,0.17393859716506616,0.4666666666666677
rplo 27 (Proteobacteria),49p5hr_late,3,3,72,7,0.0479117261299755,0.6363636363636366
rplo 27 (Proteobacteria),9hr_earlymid,2,2,73,8,0.2004226867119421,0.4424242424242418
rplo 270 (Actinobacteria),49p5hr_late,3,3,72,7,0.011143446799694203,0.7575757575757577
rplo 270 (Actinobacteria),9hr_earlymid,2,2,73,8,0.0479117261299755,0.6363636363636366
rplo 272 (Thermotogae),9hr_earlymid,2,2,73,8,0.1496556734208367,0.49090909090909124
rplo 273 (Acidobacteria),42hr_earlymid,4,4,71,6,0.18690481034933198,0.4545454545454544
rplo 274 (Bacteroidetes),42hr_earlymid,3,3,72,7,0.06668799999999993,0.6000000000000001
rplo 275 (Chloroflexi),42hr_earlymid,4,4,71,6,0.12755286970323423,0.5151515151515154
rplo 275 (Chloroflexi),49p5hr_late,3,3,72,7,0.0330412225454377,0.6727272727272724
rplo 275 (Chloroflexi),9hr_earlymid,2,2,73,8,0.10759318778241479,0.5393939393939392
rplo 277 (Chloroflexi),42hr_earlymid,4,4,71,6,0.05997214247725524,0.6121212121212122
rplo 278 (unknown),42hr_earlymid,4,4,71,6,0.05997214247725512,0.6121212121212115
rplo 279 (Chloroflexi),42hr_earlymid,4,4,71,6,0.25999776683488746,0.39393939393939414
rplo 279 (Chloroflexi),9hr_earlymid,2,2,73,8,0.2762553333854357,0.3818181818181825
rplo 28 (Proteobacteria),42hr_earlymid,4,4,71,6,0.059972142477255144,0.612121212121212
rplo 28 (Proteobacteria),49p5hr_late,3,3,72,7,0.011143446799694246,0.7575757575757529
rplo 28 (Proteobacteria),9hr_earlymid,2,2,73,8,0.047911726129975477,0.6363636363636366
rplo 280 (Acidobacteria),42hr_earlymid,4,4,71,6,0.2599977668348875,0.39393939393939387
rplo 281 (Chloroflexi),42hr_earlymid,4,4,71,6,0.021665923367532428,0.7090909090909089
rplo 281 (Chloroflexi),9hr_earlymid,2,2,73,8,0.021665923367532428,0.709090909090909
rplo 282 (Acidobacteria),9hr_earlymid,2,2,73,8,0.27625533338543595,0.38181818181818183
rplo 283 (Verrucomicrobia),42hr_earlymid,4,4,71,6,0.18690481034933212,0.45454545454545403
rplo 283 (Verrucomicrobia),9hr_earlymid,2,2,73,8,0.14965567342083683,0.49090909090909085
rplo 284 (Acidobacteria),9hr_earlymid,2,2,73,8,0.4250381548921457,0.28484848484848496
rplo 285 (Proteobacteria),49p5hr_late,3,3,72,7,0.004862061101964605,0.8060606060606063
rplo 286 (unknown),9hr_earlymid,2,2,73,8,0.07387770688865798,0.5878787878787868
rplo 287 (Chloroflexi),42hr_earlymid,4,4,71,6,0.009221952722215999,0.7696969696969711
rplo 287 (Chloroflexi),9hr_earlymid,2,2,73,8,0.018573155089460204,0.7212121212121209
rplo 288 (Deinococcus-Thermus),9hr_earlymid,2,2,73,8,0.32822651147136733,0.3454545454545456
rplo 289 (Proteobacteria),42hr_earlymid,4,4,71,6,0.12755286970323423,0.5151515151515154
rplo 289 (Proteobacteria),9hr_earlymid,2,2,73,8,0.10759318778241488,0.5393939393939392
rplo 29 (Gemmatimonadetes),42hr_earlymid,5,5,70,5,0.38484123026128353,0.30909090909090875
rplo 29 (Gemmatimonadetes),49p5hr_late,4,4,71,6,0.05997214247725524,0.612121212121212
rplo 29 (Gemmatimonadetes),9hr_earlymid,2,2,73,8,0.4670890543863394,0.26060606060606
rplo 291 (Nitrospirae),42hr_earlymid,4,4,71,6,0.021665923367532442,0.7090909090909094
rplo 292 (Actinobacteria),42hr_earlymid,4,4,71,6,0.05997214247725524,0.6121212121212122
rplo 293 (Acidobacteria),9hr_earlymid,2,2,73,8,0.31037609170568004,0.3575757575757575
rplo 295 (Actinobacteria),42hr_earlymid,4,4,71,6,0.059972142477255186,0.6121212121212124
rplo 295 (Actinobacteria),49p5hr_late,3,3,72,7,0.011143446799694203,0.7575757575757577
rplo 295 (Actinobacteria),9hr_earlymid,2,2,73,8,0.04791172612997544,0.6363636363636361
rplo 296 (Gemmatimonadetes),49p5hr_late,4,4,71,6,0.0330412225454377,0.6727272727272724
rplo 298 (Chloroflexi),42hr_earlymid,4,4,71,6,0.05997214247725524,0.6121212121212118
rplo 298 (Chloroflexi),9hr_earlymid,2,2,73,8,0.047911726129975477,0.6363636363636365
rplo 299 (unknown),42hr_earlymid,4,4,71,6,0.1869048103493319,0.4545454545454546
rplo 299 (unknown),9hr_earlymid,2,2,73,8,0.14965567342083683,0.4909090909090909
rplo 3 (Proteobacteria),42hr_earlymid,3,3,72,7,0.04254012768448945,0.6484848484848342
rplo 3 (Proteobacteria),49p5hr_late,2,2,73,8,0.011143446799693502,0.7575757575758066
rplo 3 (Proteobacteria),9hr_earlymid,2,2,73,8,0.08972402831709138,0.5636363636363628
rplo 30 (Proteobacteria),42hr_earlymid,4,4,71,6,0.05997214247725528,0.6121212121212146
rplo 30 (Proteobacteria),49p5hr_late,3,3,72,7,0.011143446799694227,0.7575757575757577
rplo 30 (Proteobacteria),9hr_earlymid,2,2,73,8,0.0479117261299755,0.6363636363636366
rplo 300 (Proteobacteria),42hr_earlymid,4,4,71,6,0.05997214247725524,0.6121212121212118
rplo 300 (Proteobacteria),49p5hr_late,3,3,72,7,0.011143446799694205,0.7575757575757577
rplo 300 (Proteobacteria),9hr_earlymid,2,2,73,8,0.0479117261299755,0.6363636363636366
rplo 301 (Chloroflexi),42hr_earlymid,4,4,71,6,0.05997214247725524,0.6121212121212118
rplo 301 (Chloroflexi),49p5hr_late,3,3,72,7,0.011143446799694205,0.7575757575757577
rplo 302 (unknown),9hr_earlymid,2,2,73,8,0.32822651147136733,0.34545454545454557
rplo 303 (Actinobacteria),9hr_earlymid,2,2,73,8,0.2004226867119421,0.44242424242424183
rplo 304 (Chloroflexi),42hr_earlymid,4,4,71,6,0.05997214247725508,0.6121212121212107
rplo 305 (Firmicutes),42hr_earlymid,4,4,71,6,0.3654683104386702,0.3212121212121212
rplo 305 (Firmicutes),9hr_earlymid,2,2,73,8,0.32822651147136733,0.34545454545454557
rplo 307 (Acidobacteria),42hr_earlymid,4,4,71,6,0.1275528697032343,0.5151515151515154
rplo 307 (Acidobacteria),9hr_earlymid,2,2,73,8,0.10759318778241485,0.5393939393939392
rplo 308 (unknown),9hr_earlymid,2,2,73,8,0.14965567342083683,0.4909090909090909
rplo 309 (unknown),42hr_earlymid,4,4,71,6,0.08155281477260236,0.5757575757575759
rplo 309 (unknown),49p5hr_late,3,3,72,7,0.013330146315440047,0.7454545454545456
rplo 310 (Chloroflexi),42hr_earlymid,4,4,71,6,0.05997214247725513,0.6121212121212117
rplo 310 (Chloroflexi),9hr_earlymid,2,2,73,8,0.047911726129975477,0.6363636363636365
rplo 311 (Acidobacteria),9hr_earlymid,2,2,73,8,0.04791172612997549,0.6363636363636365
rplo 312 (Gemmatimonadetes),9hr_earlymid,2,2,73,8,0.4670890543863403,0.2606060606060607
rplo 313 (Firmicutes),42hr_earlymid,4,4,71,6,0.05997214247725524,0.6121212121212122
rplo 313 (Firmicutes),49p5hr_late,3,3,72,7,0.011143446799694205,0.7575757575757577
rplo 314 (Acidobacteria),42hr_earlymid,4,4,71,6,0.5795840000000003,0.20000000000000004
rplo 314 (Acidobacteria),9hr_earlymid,2,2,73,8,0.42503815489214536,0.28484848484848485
rplo 315 (Proteobacteria),49p5hr_late,3,3,72,7,0.011143446799694203,0.7575757575757577
rplo 316 (Bacteroidetes),9hr_earlymid,2,2,73,8,0.10759318778241479,0.5393939393939392
rplo 317 (Gemmatimonadetes),49p5hr_late,3,3,72,7,0.16152292801745582,0.47878787878787865
rplo 317 (Gemmatimonadetes),9hr_earlymid,2,2,73,8,0.31037609170568004,0.3575757575757575
rplo 319 (Cyanobacteria),49p5hr_late,3,3,72,7,0.013330146315440047,0.7454545454545456
rplo 320 (Actinobacteria),42hr_earlymid,4,4,71,6,0.6514773427962428,0.1636363636363636
rplo 320 (Actinobacteria),9hr_earlymid,2,2,73,8,0.4250381548921458,0.284848484848485
rplo 321 (Firmicutes),9hr_earlymid,2,2,73,8,0.1496556734208367,0.4909090909090912
rplo 322 (Actinobacteria),9hr_earlymid,2,2,73,8,0.0479117261299755,0.6363636363636366
rplo 324 (Proteobacteria),42hr_earlymid,4,4,71,6,0.059972142477255144,0.612121212121212
rplo 324 (Proteobacteria),9hr_earlymid,2,2,73,8,0.047911726129975504,0.6363636363636366
rplo 325 (Planctomycetes),49p5hr_late,3,3,72,7,0.04254012768448945,0.6484848484848483
rplo 327 (Proteobacteria),9hr_earlymid,2,2,73,8,0.4458383415427515,0.2727272727272726
rplo 328 (Chloroflexi),9hr_earlymid,2,2,73,8,0.14965567342083663,0.4909090909090914
rplo 329 (Bacteroidetes),9hr_earlymid,2,2,73,8,0.3103760917056798,0.3575757575757575
rplo 33 (Bacteroidetes),49p5hr_late,3,3,72,7,0.01114344679969416,0.7575757575757521
rplo 33 (Bacteroidetes),9hr_earlymid,2,2,73,8,0.04791172612997549,0.6363636363636365
rplo 330 (Chloroflexi),42hr_earlymid,4,4,71,6,0.05997214247725524,0.6121212121212118
rplo 330 (Chloroflexi),49p5hr_late,3,3,72,7,0.011143446799694205,0.7575757575757577
rplo 330 (Chloroflexi),9hr_earlymid,2,2,73,8,0.047911726129975477,0.6363636363636365
rplo 331 (Bacteroidetes),9hr_earlymid,2,2,73,8,0.04791172612997549,0.6363636363636365
rplo 333 (Firmicutes),49p5hr_late,3,3,72,7,0.04254012768448945,0.6484848484848483
rplo 333 (Firmicutes),9hr_earlymid,2,2,73,8,0.14965567342083677,0.49090909090909074
rplo 335 (Actinobacteria),9hr_earlymid,2,2,73,8,0.047911726129975456,0.6363636363636366
rplo 336 (Proteobacteria),49p5hr_late,3,3,72,7,0.11730806555020218,0.5272727272727272
rplo 338 (Actinobacteria),9hr_earlymid,2,2,73,8,0.42503815489214536,0.28484848484848485
rplo 34 (Actinobacteria),42hr_earlymid,4,4,71,6,0.05997214247725508,0.6121212121212108
rplo 34 (Actinobacteria),9hr_earlymid,2,2,73,8,0.04791172612997545,0.6363636363636364
rplo 341 (Actinobacteria),42hr_earlymid,4,4,71,6,0.12755286970323423,0.5151515151515155
rplo 342 (Chloroflexi),42hr_earlymid,3,3,72,7,0.06668799999999998,0.6000000000000005
rplo 344 (Proteobacteria),42hr_earlymid,4,4,71,6,0.3654683104386702,0.3212121212121211
rplo 344 (Proteobacteria),49p5hr_late,3,3,72,7,0.11730806555020215,0.5272727272727272
rplo 345 (Actinobacteria),42hr_earlymid,4,4,71,6,0.4250381548921454,0.2848484848484848
rplo 346 (Chloroflexi),42hr_earlymid,4,4,71,6,0.18690481034933212,0.45454545454545403
rplo 348 (Cyanobacteria),9hr_earlymid,2,2,73,8,0.04791172612997548,0.6363636363636365
rplo 349 (Acidobacteria),42hr_earlymid,4,4,71,6,0.2599977668348875,0.39393939393939387
rplo 349 (Acidobacteria),49p5hr_late,3,3,72,7,0.07387770688865794,0.5878787878787869
rplo 349 (Acidobacteria),9hr_earlymid,2,2,73,8,0.27625533338543595,0.38181818181818183
rplo 35 (Proteobacteria),9hr_earlymid,2,2,73,8,0.14965567342083674,0.4909090909090916
rplo 350 (Proteobacteria),42hr_earlymid,4,4,71,6,0.021665923367532428,0.709090909090909
rplo 350 (Proteobacteria),49p5hr_late,3,3,72,7,0.004862061101964605,0.8060606060606063
rplo 351 (Acidobacteria),49p5hr_late,3,3,72,7,0.11730806555020216,0.5272727272727272
rplo 351 (Acidobacteria),9hr_earlymid,2,2,73,8,0.32822651147136733,0.3454545454545454
rplo 352 (Bacteroidetes),9hr_earlymid,2,2,73,8,0.14965567342083674,0.49090909090909085
rplo 353 (Firmicutes),9hr_earlymid,2,2,73,8,0.46708905438634035,0.2606060606060606
rplo 355 (Verrucomicrobia),9hr_earlymid,2,2,73,8,0.1496556734208368,0.49090909090909096
rplo 359 (Actinobacteria),42hr_earlymid,4,4,71,6,0.08155281477260248,0.5757575757575758
rplo 36 (Actinobacteria),42hr_earlymid,4,4,71,6,0.05997214247725508,0.6121212121212108
rplo 36 (Actinobacteria),9hr_earlymid,2,2,73,8,0.04791172612997556,0.6363636363636368
rplo 360 (Firmicutes),42hr_earlymid,4,4,71,6,0.3654683104386702,0.32121212121212106
rplo 362 (unknown),42hr_earlymid,4,4,71,6,0.05997214247725524,0.612121212121212
rplo 363 (Proteobacteria),49p5hr_late,3,3,72,7,0.0330412225454377,0.6727272727272724
rplo 364 (Firmicutes),42hr_earlymid,4,4,71,6,0.3654683104386702,0.32121212121212106
rplo 364 (Firmicutes),9hr_earlymid,2,2,73,8,0.32822651147136733,0.34545454545454535
rplo 365 (Armatimonadetes),9hr_earlymid,2,2,73,8,0.2004226867119422,0.4424242424242424
rplo 366 (Firmicutes),42hr_earlymid,4,4,71,6,0.05997214247725524,0.612121212121212
rplo 367 (unknown),42hr_earlymid,4,4,71,6,0.3654683104386702,0.32121212121212117
rplo 368 (Verrucomicrobia),42hr_earlymid,4,4,71,6,0.3654683104386702,0.32121212121212117
rplo 368 (Verrucomicrobia),9hr_earlymid,2,2,73,8,0.32822651147136733,0.34545454545454557
rplo 369 (Chloroflexi),42hr_earlymid,4,4,71,6,0.08155281477260236,0.5757575757575759
rplo 369 (Chloroflexi),49p5hr_late,3,3,72,7,0.013330146315440048,0.7454545454545456
rplo 369 (Chloroflexi),9hr_earlymid,2,2,73,8,0.07387770688865801,0.5878787878787878
rplo 37 (Proteobacteria),42hr_earlymid,4,4,71,6,0.05997214247725524,0.612121212121212
rplo 37 (Proteobacteria),9hr_earlymid,2,2,73,8,0.04791172612997553,0.6363636363636371
rplo 370 (Chloroflexi),42hr_earlymid,4,4,71,6,0.05997214247725524,0.6121212121212122
rplo 371 (Proteobacteria),9hr_earlymid,2,2,73,8,0.10759318778241493,0.5393939393939392
rplo 373 (Proteobacteria),42hr_earlymid,4,4,71,6,0.3654683104386702,0.32121212121212117
rplo 373 (Proteobacteria),49p5hr_late,3,3,72,7,0.11730806555020216,0.5272727272727272
rplo 373 (Proteobacteria),9hr_earlymid,2,2,73,8,0.32822651147136733,0.34545454545454557
rplo 375 (Actinobacteria),42hr_earlymid,4,4,71,6,0.059972142477255116,0.6121212121212114
rplo 376 (Proteobacteria),9hr_earlymid,2,2,73,8,0.32822651147136733,0.3454545454545456
rplo 377 (Chloroflexi),42hr_earlymid,4,4,71,6,0.0599721424772552,0.6121212121212124
rplo 378 (unknown),9hr_earlymid,2,2,73,8,0.2004226867119421,0.4424242424242419
rplo 38 (Actinobacteria),42hr_earlymid,4,4,71,6,0.08155281477260243,0.5757575757575766
rplo 38 (Actinobacteria),49p5hr_late,3,3,72,7,0.013330146315440047,0.7454545454545456
rplo 38 (Actinobacteria),9hr_earlymid,2,2,73,8,0.07387770688865798,0.5878787878787876
rplo 380 (Actinobacteria),42hr_earlymid,4,4,71,6,0.08155281477260244,0.5757575757575754
rplo 383 (Actinobacteria),42hr_earlymid,4,4,71,6,0.3654683104386702,0.3212121212121211
rplo 383 (Actinobacteria),9hr_earlymid,2,2,73,8,0.32822651147136733,0.34545454545454557
rplo 386 (Actinobacteria),42hr_earlymid,4,4,71,6,0.25999776683488746,0.39393939393939426
rplo 387 (Bacteroidetes),42hr_earlymid,4,4,71,6,0.05997214247725524,0.6121212121212121
rplo 388 (Verrucomicrobia),42hr_earlymid,4,4,71,6,0.08155281477260236,0.5757575757575759
rplo 388 (Verrucomicrobia),9hr_earlymid,2,2,73,8,0.07387770688865801,0.5878787878787878
rplo 389 (Armatimonadetes),9hr_earlymid,2,2,73,8,0.31037609170568004,0.3575757575757575
rplo 39 (Actinobacteria),42hr_earlymid,4,4,71,6,0.059972142477255075,0.6121212121212106
rplo 39 (Actinobacteria),49p5hr_late,3,3,72,7,0.011143446799694225,0.7575757575757577
rplo 390 (Actinobacteria),42hr_earlymid,4,4,71,6,0.12755286970323432,0.5151515151515155
rplo 390 (Actinobacteria),9hr_earlymid,2,2,73,8,0.10759318778241479,0.5393939393939392
rplo 393 (Actinobacteria),42hr_earlymid,4,4,71,6,0.12755286970323437,0.5151515151515155
rplo 393 (Actinobacteria),9hr_earlymid,2,2,73,8,0.10759318778241479,0.5393939393939392
rplo 395 (Bacteroidetes),49p5hr_late,3,3,72,7,0.11730806555020216,0.5272727272727272
rplo 395 (Bacteroidetes),9hr_earlymid,2,2,73,8,0.32822651147136733,0.34545454545454557
rplo 396 (Chloroflexi),42hr_earlymid,4,4,71,6,0.05997214247725524,0.6121212121212122
rplo 398 (Chloroflexi),42hr_earlymid,4,4,71,6,0.05997214247725524,0.6121212121212122
rplo 4 (Firmicutes),42hr_earlymid,3,3,72,7,0.0008138621117322104,0.8787878787878788
rplo 4 (Firmicutes),49p5hr_late,3,3,72,7,0.002940227023279463,0.8303030303030369
rplo 40 (Acidobacteria),49p5hr_late,3,3,72,7,0.11730806555020251,0.5272727272727256
rplo 40 (Acidobacteria),9hr_earlymid,2,2,73,8,0.32822651147136733,0.3454545454545448
rplo 402 (Proteobacteria),49p5hr_late,3,3,72,7,0.11730806555020216,0.5272727272727272
rplo 405 (Actinobacteria),42hr_earlymid,4,4,71,6,0.18690481034933196,0.4545454545454543
rplo 405 (Actinobacteria),9hr_earlymid,2,2,73,8,0.14965567342083683,0.49090909090909085
rplo 407 (Acidobacteria),42hr_earlymid,4,4,71,6,0.3654683104386702,0.321212121212121
rplo 408 (Deinococcus-Thermus),9hr_earlymid,2,2,73,8,0.32822651147136733,0.3454545454545456
rplo 41 (Proteobacteria),42hr_earlymid,4,4,71,6,0.18690481034933198,0.4545454545454544
rplo 41 (Proteobacteria),49p5hr_late,3,3,72,7,0.04254012768448945,0.6484848484848459
rplo 41 (Proteobacteria),9hr_earlymid,2,2,73,8,0.14965567342083666,0.49090909090909135
rplo 410 (Actinobacteria),42hr_earlymid,4,4,71,6,0.1275528697032343,0.5151515151515155
rplo 410 (Actinobacteria),49p5hr_late,3,3,72,7,0.03304122254543769,0.6727272727272725
rplo 411 (Firmicutes),49p5hr_late,3,3,72,7,0.07387770688865801,0.5878787878787878
rplo 411 (Firmicutes),9hr_earlymid,2,2,73,8,0.27625533338543595,0.38181818181818183
rplo 412 (Acidobacteria),9hr_earlymid,2,2,73,8,0.32822651147136733,0.34545454545454557
rplo 413 (Bacteroidetes),42hr_earlymid,4,4,71,6,0.3654683104386702,0.3212121212121212
rplo 417 (Acidobacteria),9hr_earlymid,2,2,73,8,0.0479117261299755,0.6363636363636366
rplo 418 (Bacteroidetes),9hr_earlymid,2,2,73,8,0.32822651147136733,0.34545454545454535
rplo 42 (Acidobacteria),49p5hr_late,3,3,72,7,0.0479117261299754,0.6363636363636354
rplo 42 (Acidobacteria),9hr_earlymid,2,2,73,8,0.20042268671194213,0.442424242424242
rplo 420 (unknown),42hr_earlymid,4,4,71,6,0.3654683104386702,0.3212121212121209
rplo 424 (Acidobacteria),42hr_earlymid,4,4,71,6,0.3654683104386702,0.3212121212121212
rplo 424 (Acidobacteria),9hr_earlymid,2,2,73,8,0.32822651147136733,0.34545454545454557
rplo 426 (Firmicutes),49p5hr_late,3,3,72,7,0.04254012768448945,0.6484848484848483
rplo 426 (Firmicutes),9hr_earlymid,2,2,73,8,0.1496556734208368,0.49090909090909096
rplo 428 (Acidobacteria),9hr_earlymid,2,2,73,8,0.32822651147136733,0.3454545454545456
rplo 429 (Bacteroidetes),49p5hr_late,3,3,72,7,0.11730806555020216,0.5272727272727272
rplo 43 (Proteobacteria),42hr_earlymid,4,4,71,6,0.18690481034933198,0.4545454545454544
rplo 43 (Proteobacteria),49p5hr_late,3,3,72,7,0.04254012768448945,0.6484848484848478
rplo 43 (Proteobacteria),9hr_earlymid,2,2,73,8,0.14965567342083663,0.49090909090909146
rplo 430 (Proteobacteria),42hr_earlymid,4,4,71,6,0.3654683104386702,0.3212121212121212
rplo 431 (Thermobaculum),42hr_earlymid,4,4,71,6,0.3654683104386702,0.32121212121212117
rplo 431 (Thermobaculum),49p5hr_late,3,3,72,7,0.11730806555020216,0.5272727272727272
rplo 431 (Thermobaculum),9hr_earlymid,2,2,73,8,0.32822651147136733,0.34545454545454557
rplo 437 (Bacteroidetes),49p5hr_late,3,3,72,7,0.11730806555020216,0.5272727272727272
rplo 437 (Bacteroidetes),9hr_earlymid,2,2,73,8,0.32822651147136733,0.3454545454545456
rplo 438 (Proteobacteria),49p5hr_late,3,3,72,7,0.11730806555020214,0.5272727272727272
rplo 439 (Actinobacteria),42hr_earlymid,4,4,71,6,0.17393859716506638,0.4666666666666663
rplo 44 (Actinobacteria),42hr_earlymid,4,4,71,6,0.1739385971650664,0.46666666666666634
rplo 44 (Actinobacteria),49p5hr_late,3,3,72,7,0.04791172612997541,0.6363636363636352
rplo 44 (Actinobacteria),9hr_earlymid,2,2,73,8,0.2004226867119421,0.4424242424242429
rplo 441 (Proteobacteria),42hr_earlymid,4,4,71,6,0.08155281477260236,0.575757575757576
rplo 444 (Chloroflexi),49p5hr_late,3,3,72,7,0.04254012768448945,0.6484848484848483
rplo 444 (Chloroflexi),9hr_earlymid,2,2,73,8,0.14965567342083683,0.4909090909090909
rplo 445 (Verrucomicrobia),9hr_earlymid,2,2,73,8,0.32822651147136733,0.34545454545454557
rplo 447 (Chloroflexi),42hr_earlymid,4,4,71,6,0.3654683104386702,0.32121212121212117
rplo 448 (Bacteroidetes),49p5hr_late,3,3,72,7,0.11730806555020222,0.5272727272727266
rplo 45 (Proteobacteria),42hr_earlymid,4,4,71,6,0.05997214247725516,0.6121212121212123
rplo 45 (Proteobacteria),49p5hr_late,3,3,72,7,0.011143446799694205,0.7575757575757577
rplo 45 (Proteobacteria),9hr_earlymid,2,2,73,8,0.0479117261299755,0.6363636363636366
rplo 450 (unknown),42hr_earlymid,4,4,71,6,0.3654683104386695,0.32121212121212067
rplo 451 (Acidobacteria),42hr_earlymid,4,4,71,6,0.3654683104386702,0.3212121212121212
rplo 451 (Acidobacteria),9hr_earlymid,2,2,73,8,0.32822651147136733,0.34545454545454557
rplo 453 (Actinobacteria),42hr_earlymid,4,4,71,6,0.3654683104386702,0.3212121212121209
rplo 454 (unknown),42hr_earlymid,4,4,71,6,0.3654683104386702,0.3212121212121212
rplo 455 (Gemmatimonadetes),9hr_earlymid,2,2,73,8,0.32822651147136733,0.34545454545454557
rplo 456 (Gemmatimonadetes),49p5hr_late,3,3,72,7,0.11730806555020216,0.5272727272727272
rplo 456 (Gemmatimonadetes),9hr_earlymid,2,2,73,8,0.32822651147136733,0.34545454545454557
rplo 458 (Chloroflexi),9hr_earlymid,2,2,73,8,0.32822651147136733,0.34545454545454557
rplo 459 (Proteobacteria),42hr_earlymid,4,4,71,6,0.3654683104386702,0.3212121212121212
rplo 459 (Proteobacteria),49p5hr_late,3,3,72,7,0.11730806555020214,0.5272727272727272
rplo 46 (Proteobacteria),42hr_earlymid,4,4,71,6,0.18690481034933198,0.4545454545454544
rplo 46 (Proteobacteria),49p5hr_late,3,3,72,7,0.04254012768448945,0.6484848484848483
rplo 46 (Proteobacteria),9hr_earlymid,2,2,73,8,0.14965567342083758,0.49090909090908835
rplo 460 (Bacteroidetes),42hr_earlymid,4,4,71,6,0.3654683104386702,0.32121212121212106
rplo 47 (Proteobacteria),49p5hr_late,3,3,72,7,0.004862061101964624,0.8060606060606089
rplo 47 (Proteobacteria),9hr_earlymid,2,2,73,8,0.021665923367532456,0.7090909090909099
rplo 48 (Actinobacteria),42hr_earlymid,4,4,71,6,0.05997214247725524,0.6121212121212118
rplo 48 (Actinobacteria),49p5hr_late,3,3,72,7,0.011143446799694205,0.7575757575757577
rplo 48 (Actinobacteria),9hr_earlymid,2,2,73,8,0.047911726129975504,0.6363636363636372
rplo 49 (Gemmatimonadetes),42hr_earlymid,4,4,71,6,0.059972142477255214,0.6121212121212123
rplo 49 (Gemmatimonadetes),49p5hr_late,3,3,72,7,0.011143446799694225,0.7575757575757577
rplo 49 (Gemmatimonadetes),9hr_earlymid,2,2,73,8,0.0479117261299755,0.6363636363636366
rplo 50 (Actinobacteria),42hr_earlymid,3,3,72,7,0.04254012768448945,0.6484848484848483
rplo 50 (Actinobacteria),49p5hr_late,2,2,73,8,0.011143446799694205,0.7575757575757577
rplo 50 (Actinobacteria),9hr_earlymid,2,2,73,8,0.08972402831709125,0.563636363636363
rplo 51 (Proteobacteria),42hr_earlymid,4,4,71,6,0.05997214247725524,0.6121212121212118
rplo 51 (Proteobacteria),49p5hr_late,3,3,72,7,0.011143446799694203,0.7575757575757577
rplo 52 (Cyanobacteria),9hr_earlymid,2,2,73,8,0.4250381548921457,0.28484848484848496
rplo 53 (Proteobacteria),42hr_earlymid,4,4,71,6,0.059972142477255075,0.6121212121212106
rplo 53 (Proteobacteria),9hr_earlymid,2,2,73,8,0.04791172612997541,0.6363636363636355
rplo 54 (Proteobacteria),42hr_earlymid,4,4,71,6,0.1869048103493322,0.454545454545454
rplo 54 (Proteobacteria),49p5hr_late,3,3,72,7,0.04254012768448945,0.6484848484848483
rplo 54 (Proteobacteria),9hr_earlymid,2,2,73,8,0.1496556734208367,0.4909090909090912
rplo 55 (Proteobacteria),42hr_earlymid,4,4,71,6,0.05997214247725519,0.6121212121212124
rplo 55 (Proteobacteria),49p5hr_late,3,3,72,7,0.011143446799694237,0.7575757575757551
rplo 55 (Proteobacteria),9hr_earlymid,2,2,73,8,0.04791172612997544,0.6363636363636361
rplo 56 (Proteobacteria),42hr_earlymid,4,4,71,6,0.12755286970323435,0.5151515151515155
rplo 56 (Proteobacteria),49p5hr_late,3,3,72,7,0.03304122254543765,0.6727272727272721
rplo 56 (Proteobacteria),9hr_earlymid,2,2,73,8,0.10759318778241479,0.5393939393939392
rplo 57 (Proteobacteria),49p5hr_late,3,3,72,7,0.033041222545437635,0.6727272727272721
rplo 57 (Proteobacteria),9hr_earlymid,2,2,73,8,0.10759318778241496,0.5393939393939392
rplo 58 (Proteobacteria),42hr_earlymid,4,4,71,6,0.05997214247725524,0.6121212121212122
rplo 58 (Proteobacteria),49p5hr_late,3,3,72,7,0.011143446799694225,0.7575757575757577
rplo 58 (Proteobacteria),9hr_earlymid,2,2,73,8,0.04791172612997542,0.6363636363636372
rplo 59 (Actinobacteria),42hr_earlymid,4,4,71,6,0.059972142477255214,0.6121212121212123
rplo 59 (Actinobacteria),9hr_earlymid,2,2,73,8,0.04791172612997555,0.6363636363636367
rplo 6 (Actinobacteria),42hr_earlymid,4,4,71,6,0.03758837757140983,0.6606060606060694
rplo 6 (Actinobacteria),49p5hr_late,3,3,72,7,0.00609992331369691,0.7939393939393934
rplo 6 (Actinobacteria),9hr_earlymid,2,2,73,8,0.025096675882251906,0.6969696969696954
rplo 60 (Firmicutes),42hr_earlymid,3,3,72,7,0.0008138621117322101,0.8787878787878781
rplo 61 (Proteobacteria),42hr_earlymid,4,4,71,6,0.05997214247725524,0.6121212121212122
rplo 61 (Proteobacteria),49p5hr_late,3,3,72,7,0.01114344679969423,0.757575757575757
rplo 61 (Proteobacteria),9hr_earlymid,2,2,73,8,0.0479117261299754,0.6363636363636352
rplo 62 (Proteobacteria),42hr_earlymid,4,4,71,6,0.05997214247725509,0.612121212121211
rplo 62 (Proteobacteria),49p5hr_late,3,3,72,7,0.011143446799694232,0.7575757575757566
rplo 62 (Proteobacteria),9hr_earlymid,2,2,73,8,0.04791172612997542,0.6363636363636351
rplo 64 (Cyanobacteria),42hr_earlymid,5,5,70,5,0.46708905438634035,0.2606060606060607
rplo 64 (Cyanobacteria),9hr_earlymid,2,2,73,8,0.42503815489214536,0.28484848484848485
rplo 65 (Actinobacteria),42hr_earlymid,4,4,71,6,0.05997214247725508,0.6121212121212108
rplo 65 (Actinobacteria),49p5hr_late,3,3,72,7,0.011143446799694218,0.7575757575757577
rplo 65 (Actinobacteria),9hr_earlymid,2,2,73,8,0.04791172612997549,0.6363636363636365
rplo 66 (Bacteroidetes),42hr_earlymid,4,4,71,6,0.05997214247725514,0.6121212121212118
rplo 66 (Bacteroidetes),9hr_earlymid,2,2,73,8,0.047911726129975504,0.6363636363636358
rplo 67 (Proteobacteria),49p5hr_late,3,3,72,7,0.01114344679969422,0.7575757575757577
rplo 67 (Proteobacteria),9hr_earlymid,2,2,73,8,0.04791172612997556,0.6363636363636368
rplo 69 (Proteobacteria),42hr_earlymid,4,4,71,6,0.05997214247725516,0.6121212121212122
rplo 69 (Proteobacteria),49p5hr_late,3,3,72,7,0.011143446799694203,0.7575757575757577
rplo 69 (Proteobacteria),9hr_earlymid,2,2,73,8,0.04791172612997549,0.6363636363636365
rplo 7 (Actinobacteria),42hr_earlymid,4,4,71,6,0.0599721424772553,0.6121212121212147
rplo 7 (Actinobacteria),49p5hr_late,3,3,72,7,0.011143446799694203,0.7575757575757577
rplo 7 (Actinobacteria),9hr_earlymid,2,2,73,8,0.0479117261299752,0.6363636363636328
rplo 70 (Proteobacteria),42hr_earlymid,4,4,71,6,0.08155281477260236,0.5757575757575759
rplo 70 (Proteobacteria),49p5hr_late,3,3,72,7,0.013330146315440047,0.7454545454545456
rplo 70 (Proteobacteria),9hr_earlymid,2,2,73,8,0.07387770688865791,0.5878787878787881
rplo 71 (Actinobacteria),42hr_earlymid,4,4,71,6,0.05997214247725519,0.6121212121212124
rplo 71 (Actinobacteria),9hr_earlymid,2,2,73,8,0.04791172612997552,0.636363636363636
rplo 72 (Firmicutes),49p5hr_late,2,2,73,8,0.01857315508945979,0.721212121212138
rplo 73 (Bacteroidetes),49p5hr_late,3,3,72,7,0.0029402270232794987,0.8303030303030322
rplo 74 (Proteobacteria),42hr_earlymid,4,4,71,6,0.18690481034933262,0.4545454545454597
rplo 74 (Proteobacteria),49p5hr_late,3,3,72,7,0.04254012768448945,0.6484848484848483
rplo 74 (Proteobacteria),9hr_earlymid,2,2,73,8,0.1496556734208368,0.49090909090909063
rplo 77 (Proteobacteria),42hr_earlymid,4,4,71,6,0.05997214247725524,0.6121212121212118
rplo 77 (Proteobacteria),49p5hr_late,3,3,72,7,0.011143446799694241,0.7575757575757546
rplo 77 (Proteobacteria),9hr_earlymid,2,2,73,8,0.04791172612997548,0.6363636363636366
rplo 78 (Actinobacteria),42hr_earlymid,4,4,71,6,0.4250381548921456,0.28484848484848496
rplo 78 (Actinobacteria),9hr_earlymid,2,2,73,8,0.31037609170568004,0.3575757575757575
rplo 79 (Actinobacteria),42hr_earlymid,4,4,71,6,0.021665923367532366,0.709090909090907
rplo 8 (Acidobacteria),42hr_earlymid,5,5,70,5,0.3848412302612841,0.3090909090909109
rplo 8 (Acidobacteria),9hr_earlymid,2,2,73,8,0.46708905438633963,0.2606060606060605
rplo 80 (Actinobacteria),42hr_earlymid,4,4,71,6,0.059972142477255075,0.6121212121212106
rplo 80 (Actinobacteria),49p5hr_late,3,3,72,7,0.011143446799694205,0.7575757575757577
rplo 80 (Actinobacteria),9hr_earlymid,2,2,73,8,0.04791172612997542,0.6363636363636358
rplo 81 (unknown),42hr_earlymid,5,5,70,5,0.32822651147136733,0.34545454545454557
rplo 81 (unknown),49p5hr_late,4,4,71,6,0.03304122254543771,0.6727272727272723
rplo 81 (unknown),9hr_earlymid,2,2,73,8,0.42503815489214536,0.2848484848484848
rplo 82 (Actinobacteria),42hr_earlymid,4,4,71,6,0.02166592336753246,0.7090909090909101
rplo 82 (Actinobacteria),49p5hr_late,3,3,72,7,0.004862061101964605,0.8060606060606061
rplo 82 (Actinobacteria),9hr_earlymid,2,2,73,8,0.02166592336753245,0.7090909090909097
rplo 83 (Acidobacteria),49p5hr_late,4,4,71,6,0.08972402831709125,0.5636363636363637
rplo 83 (Acidobacteria),9hr_earlymid,2,2,73,8,0.42503815489214575,0.284848484848485
rplo 84 (Proteobacteria),42hr_earlymid,4,4,71,6,0.05997214247725514,0.6121212121212118
rplo 84 (Proteobacteria),49p5hr_late,3,3,72,7,0.011143446799694224,0.7575757575757577
rplo 84 (Proteobacteria),9hr_earlymid,2,2,73,8,0.0479117261299754,0.6363636363636352
rplo 86 (Proteobacteria),42hr_earlymid,4,4,71,6,0.05997214247725524,0.6121212121212122
rplo 86 (Proteobacteria),49p5hr_late,3,3,72,7,0.011143446799694205,0.7575757575757577
rplo 86 (Proteobacteria),9hr_earlymid,2,2,73,8,0.04791172612997543,0.6363636363636359
rplo 87 (Proteobacteria),42hr_earlymid,4,4,71,6,0.25999776683488746,0.39393939393939414
rplo 87 (Proteobacteria),49p5hr_late,3,3,72,7,0.073877706888658,0.5878787878787868
rplo 87 (Proteobacteria),9hr_earlymid,2,2,73,8,0.27625533338543584,0.3818181818181822
rplo 89 (Bacteroidetes),9hr_earlymid,2,2,73,8,0.4670890543863386,0.2606060606060596
rplo 9 (Proteobacteria),42hr_earlymid,4,4,71,6,0.1739385971650664,0.46666666666666673
rplo 9 (Proteobacteria),49p5hr_late,3,3,72,7,0.0479117261299755,0.6363636363636366
rplo 9 (Proteobacteria),9hr_earlymid,2,2,73,8,0.20042268671194252,0.4424242424242423
rplo 90 (Proteobacteria),42hr_earlymid,4,4,71,6,0.5795840000000004,0.2000000000000001
rplo 90 (Proteobacteria),49p5hr_late,3,3,72,7,0.20042268671194216,0.4424242424242424
rplo 90 (Proteobacteria),9hr_earlymid,2,2,73,8,0.4250381548921458,0.284848484848485
rplo 91 (Actinobacteria),42hr_earlymid,4,4,71,6,0.18690481034933196,0.45454545454545436
rplo 91 (Actinobacteria),9hr_earlymid,2,2,73,8,0.1496556734208366,0.49090909090909157
rplo 92 (Proteobacteria),42hr_earlymid,4,4,71,6,0.18690481034933207,0.45454545454545414
rplo 92 (Proteobacteria),49p5hr_late,3,3,72,7,0.04254012768448945,0.6484848484848483
rplo 92 (Proteobacteria),9hr_earlymid,2,2,73,8,0.1496556734208367,0.4909090909090912
rplo 93 (Proteobacteria),42hr_earlymid,4,4,71,6,0.05997214247725524,0.6121212121212122
rplo 93 (Proteobacteria),9hr_earlymid,2,2,73,8,0.04791172612997548,0.6363636363636365
rplo 94 (unknown),42hr_earlymid,4,4,71,6,0.059972142477255165,0.6121212121212123
rplo 94 (unknown),49p5hr_late,3,3,72,7,0.011143446799694205,0.7575757575757577
rplo 94 (unknown),9hr_earlymid,2,2,73,8,0.047911726129975414,0.6363636363636357
rplo 95 (Proteobacteria),42hr_earlymid,4,4,71,6,0.12755286970323432,0.5151515151515155
rplo 95 (Proteobacteria),49p5hr_late,3,3,72,7,0.033041222545437704,0.6727272727272724
rplo 95 (Proteobacteria),9hr_earlymid,2,2,73,8,0.1075931877824148,0.5393939393939392
rplo 96 (unknown),42hr_earlymid,4,4,71,6,0.05997214247725506,0.6121212121212108
rplo 96 (unknown),49p5hr_late,3,3,72,7,0.011143446799694205,0.7575757575757577
rplo 96 (unknown),9hr_earlymid,2,2,73,8,0.047911726129975414,0.6363636363636357
rplo 98 (Actinobacteria),42hr_earlymid,4,4,71,6,0.05997214247725506,0.6121212121212111
rplo 98 (Actinobacteria),49p5hr_late,3,3,72,7,0.011143446799694205,0.7575757575757577
rplo 98 (Actinobacteria),9hr_earlymid,2,2,73,8,0.04791172612997549,0.6363636363636366
rplo 99 (Cyanobacteria),49p5hr_late,3,3,72,7,0.00486206110196461,0.8060606060606053
rplo 99 (Cyanobacteria),9hr_earlymid,2,2,73,8,0.02166592336753245,0.7090909090909097
